<?xml version="1.0" encoding="UTF-8"?>
<beans xmlns="http://www.springframework.org/schema/beans"
	xmlns:xsi="http://www.w3.org/2001/XMLSchema-instance"
	xsi:schemaLocation="
        http://www.springframework.org/schema/beans http://www.springframework.org/schema/beans/spring-beans.xsd">

	<bean class="com.atos.springapp1.Employee" id="emp1" scope="singleton">
		<property name="empId" value="1001"></property>
		<property name="name">
			<value>ajay</value>
		</property>
	</bean>
	<!-- <bean class="com.atos.springapp1.Employee" id="emp2"></bean> -->


	<bean class="com.atos.springapp1.Employee" id="emp3">
		<property name="empId" value="1002"></property>
		<property name="name">
			<value>kumar</value>
		</property>
		<property name="addr" ref="addressObj">
		</property>
	</bean>

	<bean class="com.atos.springapp1.Address" id="addressObj">
		<property name="pincode" value="40045"></property>
		<property name="city">
			<value>Mumbai</value>
		</property>
	</bean>

</beans>